{
  "total_samples": 81,
  "total_detections": 1053,
  "detection_scores": {
    "mean": 0.5019371716158796,
    "std": 5.132820532238347e-06,
    "min": 0.5019152164459229,
    "max": 0.5019487142562866,
    "median": 0.5019374489784241
  }
}