{
  "evaluation_method": "ORIGINAL_HSDA_CODE",
  "source_function": "nuscenes_dataset_map.py:evaluate_map() linha 315",
  "num_samples": 81,
  "num_classes": 6,
  "classes": [
    "drivable_area",
    "ped_crossing",
    "walkway",
    "stop_line",
    "carpark_area",
    "divider"
  ],
  "metrics": {
    "map/drivable_area/iou@max": 0.2983013093471527,
    "map/drivable_area/iou@0.35": 0.2983013093471527,
    "map/drivable_area/iou@0.40": 0.29718050360679626,
    "map/drivable_area/iou@0.45": 0.29565030336380005,
    "map/drivable_area/iou@0.50": 0.2934325635433197,
    "map/drivable_area/iou@0.55": 0.2904335558414459,
    "map/drivable_area/iou@0.60": 0.2861022353172302,
    "map/drivable_area/iou@0.65": 0.2801370620727539,
    "map/ped_crossing/iou@max": 0.09756515175104141,
    "map/ped_crossing/iou@0.35": 0.09756515175104141,
    "map/ped_crossing/iou@0.40": 0.09653164446353912,
    "map/ped_crossing/iou@0.45": 0.09522495418787003,
    "map/ped_crossing/iou@0.50": 0.09360066056251526,
    "map/ped_crossing/iou@0.55": 0.09130370616912842,
    "map/ped_crossing/iou@0.60": 0.08819349110126495,
    "map/ped_crossing/iou@0.65": 0.08411330729722977,
    "map/walkway/iou@max": 0.14336928725242615,
    "map/walkway/iou@0.35": 0.14336928725242615,
    "map/walkway/iou@0.40": 0.1406407207250595,
    "map/walkway/iou@0.45": 0.13733558356761932,
    "map/walkway/iou@0.50": 0.13316649198532104,
    "map/walkway/iou@0.55": 0.12757188081741333,
    "map/walkway/iou@0.60": 0.12070897221565247,
    "map/walkway/iou@0.65": 0.11167660355567932,
    "map/stop_line/iou@max": 0.04790789261460304,
    "map/stop_line/iou@0.35": 0.04790789261460304,
    "map/stop_line/iou@0.40": 0.047108154743909836,
    "map/stop_line/iou@0.45": 0.04611709713935852,
    "map/stop_line/iou@0.50": 0.04479565471410751,
    "map/stop_line/iou@0.55": 0.04290071502327919,
    "map/stop_line/iou@0.60": 0.04085691273212433,
    "map/stop_line/iou@0.65": 0.037662338465452194,
    "map/carpark_area/iou@max": 0.11691056191921234,
    "map/carpark_area/iou@0.35": 0.11691056191921234,
    "map/carpark_area/iou@0.40": 0.11555030196905136,
    "map/carpark_area/iou@0.45": 0.11402413994073868,
    "map/carpark_area/iou@0.50": 0.11177946627140045,
    "map/carpark_area/iou@0.55": 0.10884585231542587,
    "map/carpark_area/iou@0.60": 0.10495679825544357,
    "map/carpark_area/iou@0.65": 0.1001022532582283,
    "map/divider/iou@max": 0.197062686085701,
    "map/divider/iou@0.35": 0.197062686085701,
    "map/divider/iou@0.40": 0.19526907801628113,
    "map/divider/iou@0.45": 0.19306719303131104,
    "map/divider/iou@0.50": 0.19015753269195557,
    "map/divider/iou@0.55": 0.18626748025417328,
    "map/divider/iou@0.60": 0.18095950782299042,
    "map/divider/iou@0.65": 0.17407187819480896,
    "map/mean/iou@max": 0.15018615126609802
  },
  "thresholds": [
    0.35,
    0.4,
    0.45,
    0.5,
    0.55,
    0.6,
    0.65
  ],
  "note": "M\u00e9tricas calculadas usando o c\u00f3digo ORIGINAL do projeto HSDA"
}